prog_passes_p90,prog_carries_p90,passes_final_third_p90,carries_final_third_p90,deep_progressions_p90,passes_into_box_p90,key_passes_p90,shot_assists_p90,shot_creating_actions_p90,tackles_p90,interceptions_p90,tackles_interceptions_p90,pressures_p90,recoveries_p90,recoveries_defensive_third_p90,deep_receptions_p90,total_passes,pass_completion_%,player,team,total_minutes,_norm_player
32.42371286463234,25.164672671057936,7.017072187121924,5.081328135502083,12.098400322624007,1.9357440516198412,1.2098400322624008,1.2098400322624008,1.2098400322624008,0.0,0.4839360129049603,0.4839360129049603,13.792176367791368,6.291168167764484,1.4518080387148808,19.357440516198412,292.0,88.6986301369863,Bernardo Mota Veiga de Carvalho e Silva,Portugal,371.95000000000005,bernardo mota veiga de carvalho e silva
30.465671641791044,13.379104477611941,9.188059701492538,2.2567164179104475,11.444776119402984,3.062686567164179,0.8059701492537313,0.8059701492537313,0.8059701492537313,0.0,0.8059701492537313,0.8059701492537313,17.247761194029852,4.997014925373135,0.9671641791044776,9.99402985074627,470.0,88.51063829787233,Enzo Fernandez,Argentina,558.3333333333334,enzo fernandez
40.297488047355245,19.39743492448964,10.245124079836078,2.0490248159672158,12.294148895803293,7.376489337481977,0.8196099263868863,0.8196099263868863,0.8196099263868863,0.0,2.3222281247628445,2.3222281247628445,15.709190255748654,5.327464521514761,1.5026181983759581,13.933368748577067,549.0,84.3351548269581,Luka Modrić,Croatia,658.85,luka modric
